,mutant,strain,videoname,start_time,peak_time
0,ABC,MXAN_0251,ABC Transporters--MXAN_0251--MXAN_0251-mic4-01.23.13,370,820
1,ABC,MXAN_0251,ABC Transporters--MXAN_0251--MXAN_0251-mic5-01.23.13,340,440
2,ABC,MXAN_0251,ABC Transporters--MXAN_0251--MXAN_0251-mic7-01.23.13,620,900
3,ABC,MXAN_0251,ABC Transporters--MXAN_0251--test,640,890
4,ABC,MXAN_0553,ABC Transporters--MXAN_0553--MXAN_0553-mic-4,600,880
5,ABC,MXAN_0553,ABC Transporters--MXAN_0553--MXAN_0553-mic-8,640,1260
6,ABC,MXAN_0553,ABC Transporters--MXAN_0553--test,700,900
7,ABC,MXAN_0554,ABC Transporters--MXAN_0554--MXAN_0554-mic4-5.24.12,600,770
8,ABC,MXAN_0554,ABC Transporters--MXAN_0554--MXAN_0554-mic7-5.24.12,630,780
9,ABC,MXAN_0554,ABC Transporters--MXAN_0554--test,740,960
11,ABC,MXAN_0559,ABC Transporters--MXAN_0559--MXAN_0559-mic6-5.16.12,0,1410
12,ABC,MXAN_0559,ABC Transporters--MXAN_0559--MXAN_0559-mic8-5.16.12,0,950
13,ABC,MXAN_0559,ABC Transporters--MXAN_0559--test,0,1190
15,ABC,MXAN_0596,ABC Transporters--MXAN_0596--MXAN_0596-mic3-2.16.12,570,780
16,ABC,MXAN_0596,ABC Transporters--MXAN_0596--MXAN_0596-mic6-2.16.12,700,1440
17,ABC,MXAN_0596,ABC Transporters--MXAN_0596--MXAN_0596-mic8-2.16.12,750,1440
18,ABC,MXAN_0596,ABC Transporters--MXAN_0596--test,590,750
20,ABC,MXAN_0597,ABC Transporters--MXAN_0597--MXAN_0597-mic5-2.22.12,430,890
21,ABC,MXAN_0597,ABC Transporters--MXAN_0597--MXAN_0597-mic6-2.22.12,430,910
22,ABC,MXAN_0597,ABC Transporters--MXAN_0597--MXAN_0597-mic7-2.22.12,510,990
23,ABC,MXAN_0597,ABC Transporters--MXAN_0597--test,860,1100
24,ABC,MXAN_0622,ABC Transporters--MXAN_0622--MXAN_0622-mic3-5.24.12,400,750
25,ABC,MXAN_0622,ABC Transporters--MXAN_0622--MXAN_0622-mic6-5.24.12,380,700
26,ABC,MXAN_0622,ABC Transporters--MXAN_0622--MXAN_0622-mic8-5.24.12,390,680
27,ABC,MXAN_0622,ABC Transporters--MXAN_0622--test,360,660
28,ABC,MXAN_0751,ABC Transporters--MXAN_0629--MXAN_0751--MXAN_0751-mic-5,610,910
29,ABC,MXAN_0751,ABC Transporters--MXAN_0629--MXAN_0751--MXAN_0751-mic-7,490,830
30,ABC,MXAN_0751,ABC Transporters--MXAN_0629--MXAN_0751--test,410,740
31,ABC,MXAN_0629,ABC Transporters--MXAN_0629--MXAN_0629-mic3-9.24.13,540,870
32,ABC,MXAN_0629,ABC Transporters--MXAN_0629--MXAN_0629-mic6-9.24.13,540,910
34,ABC,MXAN_0684,ABC Transporters--MXAN_0629--MXAN_0684--MXAN_0684-mic3-5.18.12,1270,1440
35,ABC,MXAN_0684,ABC Transporters--MXAN_0629--MXAN_0684--MXAN_0684-mic6-5.18.12,1120,1440
36,ABC,MXAN_0684,ABC Transporters--MXAN_0629--MXAN_0684--MXAN_0684-mic8-5.18.12,1280,1440
37,ABC,MXAN_0684,ABC Transporters--MXAN_0629--MXAN_0684--test,1190,1440
39,ABC,MXAN_0685,ABC Transporters--MXAN_0629--MXAN_0685--MXAN_0685-mic7-2.17.12,0,930
41,ABC,MXAN_0686,ABC Transporters--MXAN_0629--MXAN_0686--MXAN_0686-mic3-4.16.13,570,780
42,ABC,MXAN_0686,ABC Transporters--MXAN_0629--MXAN_0686--MXAN_0686-mic6-4.16.13,440,640
43,ABC,MXAN_0686,ABC Transporters--MXAN_0629--MXAN_0686--MXAN_0686-mic8-4.16.13,470,930
44,ABC,MXAN_0686,ABC Transporters--MXAN_0629--MXAN_0686--test,460,950
45,ABC,MXAN_0687,ABC Transporters--MXAN_0629--MXAN_0687--MXAN_0687-mic6-2.28.12,590,1190
46,ABC,MXAN_0687,ABC Transporters--MXAN_0629--MXAN_0687--MXAN_0687-mic7-2.28.12,1180,1330
47,ABC,MXAN_0687,ABC Transporters--MXAN_0629--MXAN_0687--test,1030,1290
48,ABC,MXAN_0696,ABC Transporters--MXAN_0629--MXAN_0696--MXAN_0696-mic3-4.17.13,400,1040
49,ABC,MXAN_0696,ABC Transporters--MXAN_0629--MXAN_0696--MXAN_0696-mic6-4.17.13,370,810
50,ABC,MXAN_0696,ABC Transporters--MXAN_0629--MXAN_0696--MXAN_0696-mic8-4.17.13,370,460
51,ABC,MXAN_0696,ABC Transporters--MXAN_0629--MXAN_0696--test,390,820
52,ABC,MXAN_0721,ABC Transporters--MXAN_0629--MXAN_0721--MXAN_0721-mic6-2.24.12,540,860
53,ABC,MXAN_0721,ABC Transporters--MXAN_0629--MXAN_0721--MXAN_0721-mic7-2.24.12,580,920
54,ABC,MXAN_0721,ABC Transporters--MXAN_0629--MXAN_0721--test,460,850
55,ABC,MXAN_0721,ABC Transporters--MXAN_0629--MXAN_0721--test0,420,520
56,ABC,MXAN_0722,ABC Transporters--MXAN_0629--MXAN_0722--MXAN_0722-mic3-3.25.13,580,1440
57,ABC,MXAN_0722,ABC Transporters--MXAN_0629--MXAN_0722--MXAN_0722-mic6-3.25.13,1390,1440
58,ABC,MXAN_0722,ABC Transporters--MXAN_0629--MXAN_0722--test,530,600
59,ABC,MXAN_0770,ABC Transporters--MXAN_0629--MXAN_0770--MXAN_0770-mic3-3.21.13,620,1240
60,ABC,MXAN_0770,ABC Transporters--MXAN_0629--MXAN_0770--MXAN_0770-mic6-3.21.13,470,750
61,ABC,MXAN_0770,ABC Transporters--MXAN_0629--MXAN_0770--MXAN_0770-mic8-3.21.13,420,840
62,ABC,MXAN_0770,ABC Transporters--MXAN_0629--MXAN_0770--test,410,820
63,ABC,MXAN_0771,ABC Transporters--MXAN_0629--MXAN_0771--MXAN_0771-mic4-3.9.12,420,830
64,ABC,MXAN_0771,ABC Transporters--MXAN_0629--MXAN_0771--MXAN_0771-mic6-3.9.12,460,870
65,ABC,MXAN_0771,ABC Transporters--MXAN_0629--MXAN_0771--MXAN_0771-mic8-3.9.12,450,850
66,ABC,MXAN_0771,ABC Transporters--MXAN_0629--MXAN_0771--test,430,890
67,ABC,MXAN_0772,ABC Transporters--MXAN_0629--MXAN_0772--MXAN_0772-mic2-3.9.12,480,860
68,ABC,MXAN_0772,ABC Transporters--MXAN_0629--MXAN_0772--MXAN_0772-mic5-3.9.12,470,900
69,ABC,MXAN_0772,ABC Transporters--MXAN_0629--MXAN_0772--MXAN_0772-mic7-3.9.12,470,830
70,ABC,MXAN_0772,ABC Transporters--MXAN_0629--MXAN_0772--test,450,820
71,ABC,MXAN_0966,ABC Transporters--MXAN_0629--MXAN_0966--MXAN_0966-mic7-3.21.13,430,780
72,ABC,MXAN_0966,ABC Transporters--MXAN_0629--MXAN_0966--test,300,350
73,ABC,MXAN_0967,ABC Transporters--MXAN_0629--MXAN_0967--MXAN_0967-mic5-3.7.12,420,460
74,ABC,MXAN_0967,ABC Transporters--MXAN_0629--MXAN_0967--MXAN_0967-mic6-3.7.12,430,560
75,ABC,MXAN_0967,ABC Transporters--MXAN_0629--MXAN_0967--MXAN_0967-mic7-3.7.12,490,980
76,ABC,MXAN_0967,ABC Transporters--MXAN_0629--MXAN_0967--test,370,480
77,ABC,MXAN_0968,ABC Transporters--MXAN_0629--MXAN_0968--MXAN_0968-mic2-3.7.12,820,1390
78,ABC,MXAN_0968,ABC Transporters--MXAN_0629--MXAN_0968--MXAN_0968-mic4-3.7.12,870,1420
79,ABC,MXAN_0968,ABC Transporters--MXAN_0629--MXAN_0968--test,860,1440
80,ABC,MXAN_0995,ABC Transporters--MXAN_0629--MXAN_0995--MXAN_0995-mic3-4.11.13,490,990
81,ABC,MXAN_0995,ABC Transporters--MXAN_0629--MXAN_0995--MXAN_0995-mic6-4.11.13,450,580
82,ABC,MXAN_0995,ABC Transporters--MXAN_0629--MXAN_0995--MXAN_0995-mic8-4.11.13,500,1210
83,ABC,MXAN_0995,ABC Transporters--MXAN_0629--MXAN_0995--test,390,550
85,ABC,MXAN_1097,ABC Transporters--MXAN_1097--MXAN_1097-mic2-3.7.12,440,800
86,ABC,MXAN_1097,ABC Transporters--MXAN_1097--MXAN_1097-mic4-3.7.12,430,1060
87,ABC,MXAN_1097,ABC Transporters--MXAN_1097--MXAN_1097-mic8-3.7.12,480,850
103,ABC,MXAN_1155,ABC Transporters--MXAN_1155--MXAN_1155-mic-6-10-8-12,490,850
104,ABC,MXAN_1155,ABC Transporters--MXAN_1155--MXAN_1155-mic3-10-8-12,550,1060
105,ABC,MXAN_1155,ABC Transporters--MXAN_1155--MXAN_1155-mic5-10-8-12,520,910
106,ABC,MXAN_1155,ABC Transporters--MXAN_1155--MXAN_1155-mic5-10.05.12,420,840
107,ABC,MXAN_1155,ABC Transporters--MXAN_1155--MXAN_1155-mic6-10.05.12,440,900
109,ABC,MXAN_1155,ABC Transporters--MXAN_1155--MXAN_1155-mic7-10.05.12,660,900
110,ABC,MXAN_1155,ABC Transporters--MXAN_1155--test,360,760
111,ABC,MXAN_1262,ABC Transporters--MXAN_1262--MXAN_1262-mic-7-10-2-2012,280,650
112,ABC,MXAN_1262,ABC Transporters--MXAN_1262--MXAN_1262-mic-8-10-2-2012,460,1440
113,ABC,MXAN_1262,ABC Transporters--MXAN_1262--test,370,770
114,ABC,MXAN_1319,ABC Transporters--MXAN_1319--MXAN_1319-mic2-3.14.12,500,940
115,ABC,MXAN_1319,ABC Transporters--MXAN_1319--MXAN_1319-mic4-3.14.12,380,650
116,ABC,MXAN_1319,ABC Transporters--MXAN_1319--MXAN_1319-mic8-3.14.12,510,750
117,ABC,MXAN_1319,ABC Transporters--MXAN_1319--test,360,740
118,ABC,MXAN_1320,ABC Transporters--MXAN_1320--MXAN_1320-mic2-3.15.12,410,1150
119,ABC,MXAN_1320,ABC Transporters--MXAN_1320--MXAN_1320-mic4-3.15.12,370,750
120,ABC,MXAN_1320,ABC Transporters--MXAN_1320--MXAN_1320-mic8-3.15.12,370,710
121,ABC,MXAN_1320,ABC Transporters--MXAN_1320--test,290,410
122,ABC,MXAN_1321,ABC Transporters--MXAN_1321--MXAN_1321-mic5-3.15.12,340,400
123,ABC,MXAN_1321,ABC Transporters--MXAN_1321--MXAN_1321-mic6-3.15.12,370,490
124,ABC,MXAN_1321,ABC Transporters--MXAN_1321--MXAN_1321-mic7-3.15.12,350,470
125,ABC,MXAN_1321,ABC Transporters--MXAN_1321--test,340,430
127,ABC,MXAN_1376,ABC Transporters--MXAN_1376--test,0,1340
128,ABC,MXAN_1377,ABC Transporters--MXAN_1377--MXAN_1377-mic5-10.12.12,400,650
129,ABC,MXAN_1377,ABC Transporters--MXAN_1377--MXAN_1377-mic6-10.12.12,410,610
130,ABC,MXAN_1377,ABC Transporters--MXAN_1377--MXAN_1377-mic7-10.12.12,430,680
131,ABC,MXAN_1377,ABC Transporters--MXAN_1377--test,400,670
132,ABC,MXAN_1547,ABC Transporters--MXAN_1547--MXAN_1547-mic3-10.05.12',360,760
133,ABC,MXAN_1547,ABC Transporters--MXAN_1547--MXAN_1547-mic5-10.04.12,430,690
134,ABC,MXAN_1547,ABC Transporters--MXAN_1547--MXAN_1547-mic6-10.04.12,460,720
135,ABC,MXAN_1547,ABC Transporters--MXAN_1547--MXAN_1547-mic6-10.04.12',440,900
136,ABC,MXAN_1547,ABC Transporters--MXAN_1547--MXAN_1547-mic7-10.04.12,480,730
137,ABC,MXAN_1547,ABC Transporters--MXAN_1547--test,460,760
138,ABC,MXAN_1548,ABC Transporters--MXAN_1548--MXAN_1548-mic4-02.01.13,410,820
139,ABC,MXAN_1548,ABC Transporters--MXAN_1548--test,310,660
140,ABC,MXAN_1597,ABC Transporters--MXAN_1597--MXAN_1597-mic4-10.12.12,460,740
141,ABC,MXAN_1597,ABC Transporters--MXAN_1597--MXAN_1597-mic8-10.12.12,390,810
142,ABC,MXAN_1597,ABC Transporters--MXAN_1597--test,410,700
143,ABC,MXAN_1598,ABC Transporters--MXAN_1598--MXAN_1598- mic5-3.28.13,570,1380
144,ABC,MXAN_1598,ABC Transporters--MXAN_1598--MXAN_1598-mic4-3.28.13,690,1440
145,ABC,MXAN_1598,ABC Transporters--MXAN_1598--MXAN_1598-mic6-9.12.13,350,750
146,ABC,MXAN_1598,ABC Transporters--MXAN_1598--MXAN_1598-mic7-3.28.13,970,1410
147,ABC,MXAN_1598,ABC Transporters--MXAN_1598--MXAN_1598-mic8-9.12.13,450,850
148,ABC,MXAN_1598,ABC Transporters--MXAN_1598--test,410,680
149,ABC,MXAN_1604,ABC Transporters--MXAN_1604--MXAN_1604-mic2-07.30.13,360,760
150,ABC,MXAN_1604,ABC Transporters--MXAN_1604--MXAN_1604-mic4-07.30.14,300,750
151,ABC,MXAN_1604,ABC Transporters--MXAN_1604--MXAN_1604-mic4-4.17.13,920,1440
152,ABC,MXAN_1604,ABC Transporters--MXAN_1604--MXAN_1604-mic5-07.30.13,300,630
153,ABC,MXAN_1604,ABC Transporters--MXAN_1604--MXAN_1604-mic5-4.17.13,610,1420
154,ABC,MXAN_1604,ABC Transporters--MXAN_1604--MXAN_1604-mic7-07.30.13,330,710
155,ABC,MXAN_1604,ABC Transporters--MXAN_1604--MXAN_1604-mic7-4.17.13,730,1440
156,ABC,MXAN_1604,ABC Transporters--MXAN_1604--test,1030,1440
562,Ntr-C,MXAN_3095,Ntr-C activators--MXAN_3095--MXAN_3095-mic-7-06.05.12,240,1050
568,Ntr-C,MXAN_3095,Ntr-C activators--MXAN_3095--test,180,1070
569,Ntr-C,MXAN_4785,Ntr-C activators--MXAN_4785--image_3,260,390
570,Ntr-C,MXAN_4785,Ntr-C activators--MXAN_4785--image_4,290,550
571,Ntr-C,MXAN_4785,Ntr-C activators--MXAN_4785--image_5,240,620
572,Ntr-C,MXAN_4785,Ntr-C activators--MXAN_4785--image_7,300,650
573,Ntr-C,MXAN_4785,Ntr-C activators--MXAN_4785--MXAN_4785-mic5-2.28.12,0,1440
574,Ntr-C,MXAN_4785,Ntr-C activators--MXAN_4785--MXAN_4785-mic6-2.28.12,940,1340
575,Ntr-C,MXAN_4785,Ntr-C activators--MXAN_4785--MXAN_4785-mic7-2.28.12,1070,1440
577,Ntr-C,MXAN_4785,Ntr-C activators--MXAN_4785--test,1320,1440
579,Ntr-C,MXAN_0116,Ntr-C activators--MXAN_0116--MXAN_0116-mic5-2.8.12,0,750
580,Ntr-C,MXAN_0116,Ntr-C activators--MXAN_0116--MXAN_0116-mic6-2.8.12,0,570
581,Ntr-C,MXAN_0116,Ntr-C activators--MXAN_0116--MXAN_0116-mic7-2.8.12,0,520
582,Ntr-C,MXAN_0116,Ntr-C activators--MXAN_0116--test,0,1440
584,Ntr-C,MXAN_0172,Ntr-C activators--MXAN_0172--MXAN_0172-mic5-11.03.11,370,470
585,Ntr-C,MXAN_0172,Ntr-C activators--MXAN_0172--MXAN_0172-mic6-11.03.11,340,420
586,Ntr-C,MXAN_0172,Ntr-C activators--MXAN_0172--test,480,510
587,Ntr-C,MXAN_0180,Ntr-C activators--MXAN_0180--MXAN_0180-mic1-7.5.11-4X-36h,300,450
588,Ntr-C,MXAN_0180,Ntr-C activators--MXAN_0180--MXAN_0180-mic3-07.05.11,500,1120
590,Ntr-C,MXAN_0180,Ntr-C activators--MXAN_0180--MXAN_0180-mic5-11.04.11,180,490
591,Ntr-C,MXAN_0180,Ntr-C activators--MXAN_0180--MXAN_0180-mic6-11.04.11,160,660
592,Ntr-C,MXAN_0180,Ntr-C activators--MXAN_0180--MXAN_0180-mic7-06.20.11,440,820
593,Ntr-C,MXAN_0180,Ntr-C activators--MXAN_0180--MXAN_0180-mic8-11.04.11,190,700
594,Ntr-C,MXAN_0180,Ntr-C activators--MXAN_0180--test,310,420
596,Ntr-C,MXAN_0353,Ntr-C activators--MXAN_0353--MXAN_0353-mic5-6.30.11-4X,180,280
597,Ntr-C,MXAN_0353,Ntr-C activators--MXAN_0353--test,220,410
605,Ntr-C,MXAN_0603,Ntr-C activators--MXAN_0603--MXAN_0603-mic1-9.30.11,0,570
606,Ntr-C,MXAN_0603,Ntr-C activators--MXAN_0603--MXAN_0603-mic3-01.23.14,800,1410
607,Ntr-C,MXAN_0603,Ntr-C activators--MXAN_0603--MXAN_0603-mic5-01.23.14,780,1440
608,Ntr-C,MXAN_0603,Ntr-C activators--MXAN_0603--MXAN_0603-mic5-9.30.11,400,560
609,Ntr-C,MXAN_0603,Ntr-C activators--MXAN_0603--MXAN_0603-mic7-11.03.11,1130,1440
610,Ntr-C,MXAN_0603,Ntr-C activators--MXAN_0603--MXAN_0603-mic8-11.03.11,0,790
617,Ntr-C,MXAN_0603,Ntr-C activators--MXAN_0603--test,1120,1440
618,Ntr-C,MXAN_0907,Ntr-C activators--MXAN_0907--MXAN_0907-mic4-1.26.12,350,520
620,Ntr-C,MXAN_0907,Ntr-C activators--MXAN_0907--MXAN_0907-mic8-1.26.12,310,470
621,Ntr-C,MXAN_0907,Ntr-C activators--MXAN_0907--test,330,490
623,Ntr-C,MXAN_0937,Ntr-C activators--MXAN_0937--MXAN_0937-mic5-1.24.12,340,490
624,Ntr-C,MXAN_0937,Ntr-C activators--MXAN_0937--MXAN_0937_mic3-9.24.11-4X,670,910
631,Ntr-C,MXAN_0937,Ntr-C activators--MXAN_0937--test,340,510
632,Ntr-C,MXAN_1078,Ntr-C activators--MXAN_1078--MXAN_1078-mic2-1.24.12,200,830
633,Ntr-C,MXAN_1078,Ntr-C activators--MXAN_1078--MXAN_1078-mic4-1.24.12,180,1000
634,Ntr-C,MXAN_1078,Ntr-C activators--MXAN_1078--MXAN_1078-mic7-1.24.12,190,720
635,Ntr-C,MXAN_1078,Ntr-C activators--MXAN_1078--MXAN_1078-mic7-10.10.11,420,890
641,Ntr-C,MXAN_1078,Ntr-C activators--MXAN_1078--test,730,900
642,Ntr-C,MXAN_1128,Ntr-C activators--MXAN_1128--MXAN_1128-mic1-02.06.14,1230,1440
643,Ntr-C,MXAN_1128,Ntr-C activators--MXAN_1128--MXAN_1128-mic3-1.20.12,590,670
644,Ntr-C,MXAN_1128,Ntr-C activators--MXAN_1128--MXAN_1128-mic6-02.06.14,460,1440
645,Ntr-C,MXAN_1128,Ntr-C activators--MXAN_1128--MXAN_1128-mic6-1.20.12,800,700
646,Ntr-C,MXAN_1128,Ntr-C activators--MXAN_1128--MXAN_1128-mic7-02.06.14,620,1430
647,Ntr-C,MXAN_1128,Ntr-C activators--MXAN_1128--MXAN_1128-mic8-1.20.12,0,440
652,Ntr-C,MXAN_1128,Ntr-C activators--MXAN_1128--test,520,610
657,Ntr-C,MXAN_1167,Ntr-C activators--MXAN_1167--MXAN_1167-mic4-1.20.12,0,720
658,Ntr-C,MXAN_1167,Ntr-C activators--MXAN_1167--MXAN_1167-mic6-01.20.14,0,1430
659,Ntr-C,MXAN_1167,Ntr-C activators--MXAN_1167--MXAN_1167-mic7-01.20.14,1130,1440
660,Ntr-C,MXAN_1167,Ntr-C activators--MXAN_1167--MXAN_1167-mic8-01.20.14,0,1440
667,Ntr-C,MXAN_1167,Ntr-C activators--MXAN_1167--test,0,510
668,Ntr-C,MXAN_1189,Ntr-C activators--MXAN_1189--MXAN_1189-mic5-10.31.11,180,250
669,Ntr-C,MXAN_1189,Ntr-C activators--MXAN_1189--MXAN_1189-mic6-10.31.11,200,280
670,Ntr-C,MXAN_1189,Ntr-C activators--MXAN_1189--test,210,280
672,Ntr-C,MXAN_1245,Ntr-C activators--MXAN_1245--MXAN_1245-mic3-01.20.14,570,750
673,Ntr-C,MXAN_1245,Ntr-C activators--MXAN_1245--MXAN_1245-mic5-01.20.14,500,880
675,Ntr-C,MXAN_1245,Ntr-C activators--MXAN_1245--nla39-mic1-10.26.11-24h,390,440
676,Ntr-C,MXAN_1245,Ntr-C activators--MXAN_1245--nla39-mic6-10.26.11-24h,360,390
677,Ntr-C,MXAN_1245,Ntr-C activators--MXAN_1245--nla39-mic8-10.26.11-24h-super,450,510
678,Ntr-C,MXAN_1245,Ntr-C activators--MXAN_1245--test,630,1010
679,Ntr-C,MXAN_1345,Ntr-C activators--MXAN_1345--MXAN_1345-mic4-2.29.12,510,810
680,Ntr-C,MXAN_1345,Ntr-C activators--MXAN_1345--test,700,1440
682,Ntr-C,MXAN_1565,Ntr-C activators--MXAN_1565--MXAN_1565-mic3-9.27.11,0,1000
683,Ntr-C,MXAN_1565,Ntr-C activators--MXAN_1565--MXAN_1565-mic5-10.21.11-24h,0,740
684,Ntr-C,MXAN_1565,Ntr-C activators--MXAN_1565--MXAN_1565-mic6-01.21.14,0,970
685,Ntr-C,MXAN_1565,Ntr-C activators--MXAN_1565--MXAN_1565-mic6-1.24.12,0,680
686,Ntr-C,MXAN_1565,Ntr-C activators--MXAN_1565--MXAN_1565-mic8-01.21.14,0,1020
687,Ntr-C,MXAN_1565,Ntr-C activators--MXAN_1565--MXAN_1565-mic8-1.24.12,0,770
693,Ntr-C,MXAN_1565,Ntr-C activators--MXAN_1565--test,370,460
694,Ntr-C,MXAN_2159,Ntr-C activators--MXAN_2159--MXAN_2159-mic3-2.27.12,340,720
695,Ntr-C,MXAN_2159,Ntr-C activators--MXAN_2159--MXAN_2159-mic8-2.27.12,340,710
704,Ntr-C,MXAN_2159,Ntr-C activators--MXAN_2159--test,390,690
706,Ntr-C,MXAN_2501,Ntr-C activators--MXAN_2501--MXAN_2501-mic7-9.13.11,540,1440
709,Ntr-C,MXAN_2501,Ntr-C activators--MXAN_2501--test,420,1410
712,Ntr-C,MXAN_2516,Ntr-C activators--MXAN_2516--MXAN_2516-mic6-01.23.14,670,1220
713,Ntr-C,MXAN_2516,Ntr-C activators--MXAN_2516--MXAN_2516-mic7-01.23.14,860,1060
714,Ntr-C,MXAN_2516,Ntr-C activators--MXAN_2516--MXAN_2516-mic8-01.23.14,550,800
723,Ntr-C,MXAN_2516,Ntr-C activators--MXAN_2516--test,560,850
725,Ntr-C,MXAN_3214,Ntr-C activators--MXAN_3214--MXAN_3214(actB)-mic2-01.03.2017,600,670
726,Ntr-C,MXAN_3214,Ntr-C activators--MXAN_3214--MXAN_3214(actB)-mic3-01.03.2017,0,1440
727,Ntr-C,MXAN_3214,Ntr-C activators--MXAN_3214--test,0,700
731,Ntr-C,MXAN_3333,Ntr-C activators--MXAN_3333--MXAN_3333-mic-8-06.14.12,380,750
733,Ntr-C,MXAN_3333,Ntr-C activators--MXAN_3333--MXAN_3333-mic4-1.27.12@,0,740
734,Ntr-C,MXAN_3333,Ntr-C activators--MXAN_3333--MXAN_3333-mic4-10.1.13,840,1430
736,Ntr-C,MXAN_3333,Ntr-C activators--MXAN_3333--MXAN_3333-mic5-10.1.13,0,740
738,Ntr-C,MXAN_3333,Ntr-C activators--MXAN_3333--MXAN_3333-mic7-10.1.13,0,460
740,Ntr-C,MXAN_3333,Ntr-C activators--MXAN_3333--MXAN_3333-mic8-07-31-13,310,1440
741,Ntr-C,MXAN_3333,Ntr-C activators--MXAN_3333--MXAN_3333-mic8-1.27.12@,0,640
746,Ntr-C,MXAN_3333,Ntr-C activators--MXAN_3333--test,0,590
748,Ntr-C,MXAN_3381,Ntr-C activators--MXAN_3381--MXAN_3381-mic8-10.24.11-24h,800,1440
749,Ntr-C,MXAN_3381,Ntr-C activators--MXAN_3381--nla2-mic7-10.24.11,350,1290
754,Ntr-C,MXAN_3381,Ntr-C activators--MXAN_3381--test,300,1170
756,Ntr-C,MXAN_3418,Ntr-C activators--MXAN_3418--MXAN_3418-mic6-1.26.12,400,500
757,Ntr-C,MXAN_3418,Ntr-C activators--MXAN_3418--test,340,500
760,Ntr-C,MXAN_3555,Ntr-C activators--MXAN_3555--test,290,490
762,Ntr-C,MXAN_3692,Ntr-C activators--MXAN_3692--MXAN_3692-nla18-mic3-1.6.17,0,670
768,Ntr-C,MXAN_3811,Ntr-C activators--MXAN_3811--MXAN_3811-mic4-5.22.12,490,710
769,Ntr-C,MXAN_3811,Ntr-C activators--MXAN_3811--MXAN_3811-mic5-5.22.12,410,660
770,Ntr-C,MXAN_3811,Ntr-C activators--MXAN_3811--MXAN_3811-mic7-5.22.12,480,690
771,Ntr-C,MXAN_3811,Ntr-C activators--MXAN_3811--test,410,690
775,Ntr-C,MXAN_3952,Ntr-C activators--MXAN_3952--test,260,410
779,Ntr-C,MXAN_4042,Ntr-C activators--MXAN_4042--MXAN_4042-mic3-01.21.14,690,1440
780,Ntr-C,MXAN_4042,Ntr-C activators--MXAN_4042--MXAN_4042-mic5-01.21.14,610,1420
783,Ntr-C,MXAN_4042,Ntr-C activators--MXAN_4042--test,1100,1440
785,Ntr-C,MXAN_4196,Ntr-C activators--MXAN_4196--MXAN_4196-mic5-01.03.17(looks like actB),0,510
786,Ntr-C,MXAN_4196,Ntr-C activators--MXAN_4196--MXAN_4196-mic6-01.03.2017,0,190
787,Ntr-C,MXAN_4196,Ntr-C activators--MXAN_4196--test,0,1440
794,Ntr-C,MXAN_4240,Ntr-C activators--MXAN_4240--MXAN_4240-mic_8,240,610
807,Ntr-C,MXAN_4240,Ntr-C activators--MXAN_4240--test,170,540
808,Ntr-C,MXAN_4252,Ntr-C activators--MXAN_4252--MXAN_4252-mic3-06.06.12,240,1220
809,Ntr-C,MXAN_4252,Ntr-C activators--MXAN_4252--MXAN_4252-mic6-06.06.12,220,1130
810,Ntr-C,MXAN_4252,Ntr-C activators--MXAN_4252--MXAN_4252-mic8-06.06.12,310,990
813,Ntr-C,MXAN_4252,"Ntr-C activators--MXAN_4252--MXAN_4252-TPMAgar,4X-mic3-4.21.12",680,1440
819,Ntr-C,MXAN_4252,Ntr-C activators--MXAN_4252--test,280,1390
820,Ntr-C,MXAN_4261,Ntr-C activators--MXAN_4261--MXAN_4261-mic7-10.25.11,490,870
821,Ntr-C,MXAN_4261,Ntr-C activators--MXAN_4261--MXAN_4261-mic8-10.25.11,490,910
822,Ntr-C,MXAN_4261,Ntr-C activators--MXAN_4261--test,460,690
823,Ntr-C,MXAN_4339,Ntr-C activators--MXAN_4339--MXAN_4339-mic7-10.31.11,350,830
824,Ntr-C,MXAN_4339,Ntr-C activators--MXAN_4339--MXAN_4339-mic8-10.31.11,340,900
825,Ntr-C,MXAN_4339,Ntr-C activators--MXAN_4339--test,370,770
826,Ntr-C,MXAN_4580,Ntr-C activators--MXAN_4580--MXAN_4580-mic3-8.21.12,320,430
827,Ntr-C,MXAN_4580,Ntr-C activators--MXAN_4580--MXAN_4580-mic4-8.21.12,140,260
828,Ntr-C,MXAN_4580,Ntr-C activators--MXAN_4580--MXAN_4580-mic6-8.21.12,310,420
829,Ntr-C,MXAN_4580,Ntr-C activators--MXAN_4580--MXAN_4580-mic7-8.21.12,300,440
830,Ntr-C,MXAN_4580,Ntr-C activators--MXAN_4580--nla8-mic3-10.27.11,270,400
831,Ntr-C,MXAN_4580,Ntr-C activators--MXAN_4580--nla8-mic7-10.27.11,280,610
832,Ntr-C,MXAN_4580,Ntr-C activators--MXAN_4580--nla8-mic8-10.27.11,290,650
833,Ntr-C,MXAN_4580,Ntr-C activators--MXAN_4580--test,250,360
412,ECF,MXAN_4662,ECF sigma-70 factor--MXAN_4662--MXAN_4662-mic3-11.15.11,170,990
413,ECF,MXAN_4662,ECF sigma-70 factor--MXAN_4662--test,170,860
414,ECF,MXAN_6173,ECF sigma-70 factor--MXAN_6173--MXAN_6173-mic3-11.21.11,200,430
415,ECF,MXAN_6173,ECF sigma-70 factor--MXAN_6173--MXAN_6173-mic6-11.21.11,260,480
416,ECF,MXAN_6173,ECF sigma-70 factor--MXAN_6173--test,280,480
417,ECF,MXAN_0203,ECF sigma-70 factor--MXAN_0203--MXAN_0203-mic3-11.23.11,160,290
418,ECF,MXAN_0203,ECF sigma-70 factor--MXAN_0203--MXAN_0203-mic6-11.23.11,150,280
419,ECF,MXAN_0203,ECF sigma-70 factor--MXAN_0203--MXAN_0203-mic8-11.23.11,220,340
420,ECF,MXAN_0203,ECF sigma-70 factor--MXAN_0203--test,160,310
422,ECF,MXAN_0233,ECF sigma-70 factor--MXAN_0233--MXAN_0233-mic5-1.9.17,450,580
423,ECF,MXAN_0233,ECF sigma-70 factor--MXAN_0233--MXAN_0233-mic6-1.9.17,1320,1440
424,ECF,MXAN_0233,ECF sigma-70 factor--MXAN_0233--test,1190,1440
425,ECF,MXAN_0681,ECF sigma-70 factor--MXAN_0681--MXAN_0681-mic4-11.10.11,640,1300
426,ECF,MXAN_0681,ECF sigma-70 factor--MXAN_0681--MXAN_0681-mic7-11.10.11,290,970
427,ECF,MXAN_0681,ECF sigma-70 factor--MXAN_0681--test,270,1340
428,ECF,MXAN_0947,ECF sigma-70 factor--MXAN_0947--MXAN_0947-mic4-11.28.11,410,530
429,ECF,MXAN_0947,ECF sigma-70 factor--MXAN_0947--MXAN_0947-mic5-11.28.11,410,770
430,ECF,MXAN_0947,ECF sigma-70 factor--MXAN_0947--MXAN_0947-mic7-11.28.11,430,820
431,ECF,MXAN_0947,ECF sigma-70 factor--MXAN_0947--test,450,590
433,ECF,MXAN_1210,ECF sigma-70 factor--MXAN_1210(1CP)--MXAN_1210-mic2-1.10.17,650,810
434,ECF,MXAN_1210,ECF sigma-70 factor--MXAN_1210(1CP)--MXAN_1210-mic2-11.22.13,670,960
435,ECF,MXAN_1210,ECF sigma-70 factor--MXAN_1210(1CP)--MXAN_1210-mic3-1.10.17,690,1440
436,ECF,MXAN_1210,ECF sigma-70 factor--MXAN_1210(1CP)--MXAN_1210-mic4-11.22.13,850,1170
437,ECF,MXAN_1210,ECF sigma-70 factor--MXAN_1210(1CP)--MXAN_1210-mic5-11.22.13,340,1210
439,ECF,MXAN_1210,ECF sigma-70 factor--MXAN_1210(1CP)--test,360,630
441,ECF,MXAN_1510,ECF sigma-70 factor--MXAN_1510--MXAN_1510-mic3-1.7.17,1090,1440
442,ECF,MXAN_1510,ECF sigma-70 factor--MXAN_1510--test,600,1180
443,ECF,MXAN_1514,ECF sigma-70 factor--MXAN_1514--MXAN_1514-mic6-10.25.16,1230,1430
444,ECF,MXAN_1514,ECF sigma-70 factor--MXAN_1514--test,1160,1430
445,ECF,MXAN_1661,ECF sigma-70 factor--MXAN_1661--MXAN_1661-mic4-11.08.11,640,1010
446,ECF,MXAN_1661,ECF sigma-70 factor--MXAN_1661--MXAN_1661-mic7-11.08.11,260,420
447,ECF,MXAN_1661,ECF sigma-70 factor--MXAN_1661--test,250,380
448,ECF,MXAN_2030,ECF sigma-70 factor--MXAN_2030--MXAN_2030-mic4-11.22.11,260,620
449,ECF,MXAN_2030,ECF sigma-70 factor--MXAN_2030--MXAN_2030-mic5-11.22.11,230,660
450,ECF,MXAN_2030,ECF sigma-70 factor--MXAN_2030--MXAN_2030-mic7-11.22.11,280,730
451,ECF,MXAN_2030,ECF sigma-70 factor--MXAN_2030--test,240,660
452,ECF,MXAN_2184,ECF sigma-70 factor--MXAN_2184--MXAN_2184-mic4-11.07.11,580,1440
453,ECF,MXAN_2184,ECF sigma-70 factor--MXAN_2184--MXAN_2184-mic7-11.07.11,320,1030
454,ECF,MXAN_2184,ECF sigma-70 factor--MXAN_2184--test,350,1040
455,ECF,MXAN_2204,ECF sigma-70 factor--MXAN_2204--MXAN_2204-mic3-11.20.13,650,1380
456,ECF,MXAN_2204,ECF sigma-70 factor--MXAN_2204--test,690,1220
457,ECF,MXAN_2395,ECF sigma-70 factor--MXAN_2395--MXAN_2395-mic4-11.15.11,600,770
458,ECF,MXAN_2395,ECF sigma-70 factor--MXAN_2395--MXAN_2395-mic7-11.15.11,240,360
459,ECF,MXAN_2395,ECF sigma-70 factor--MXAN_2395--test,240,440
460,ECF,MXAN_2437,ECF sigma-70 factor--MXAN_2437(1CP)--MXAN_2437-mic5-11.21.13,470,1130
461,ECF,MXAN_2437,ECF sigma-70 factor--MXAN_2437(1CP)--MXAN_2437-mic7-11.21.13,580,1050
462,ECF,MXAN_2437,ECF sigma-70 factor--MXAN_2437(1CP)--test,470,1440
463,ECF,MXAN_2500,ECF sigma-70 factor--MXAN_2500--MXAN_2500-mic4-11.23.11,270,470
464,ECF,MXAN_2500,ECF sigma-70 factor--MXAN_2500--MXAN_2500-mic5-11.23.11,270,390
465,ECF,MXAN_2500,ECF sigma-70 factor--MXAN_2500--test,250,470
466,ECF,MXAN_2929,ECF sigma-70 factor--MXAN_2929--MXAN_2929-mic3-11.29.11,390,570
467,ECF,MXAN_2929,ECF sigma-70 factor--MXAN_2929--MXAN_2929-mic6-11.29.11,330,510
468,ECF,MXAN_2929,ECF sigma-70 factor--MXAN_2929--MXAN_2929-mic8-11.29.11,360,530
469,ECF,MXAN_2929,ECF sigma-70 factor--MXAN_2929--test,320,490
470,ECF,MXAN_3426,ECF sigma-70 factor--MXAN_3426--MXAN_3426-mic3-11.08.11,200,450
471,ECF,MXAN_3426,ECF sigma-70 factor--MXAN_3426--MXAN_3426-mic6-11.08.11,230,480
472,ECF,MXAN_3426,ECF sigma-70 factor--MXAN_3426--MXAN_3426-mic8-11.08.11,270,440
473,ECF,MXAN_3426,ECF sigma-70 factor--MXAN_3426--test,230,410
474,ECF,MXAN_3686,ECF sigma-70 factor--MXAN_3686--MXAN_3686-mic4-12.02.11,300,430
475,ECF,MXAN_3686,ECF sigma-70 factor--MXAN_3686--MXAN_3686-mic5-12.02.11,280,400
476,ECF,MXAN_3686,ECF sigma-70 factor--MXAN_3686--MXAN_3686-mic7-12.02.11,310,450
477,ECF,MXAN_3686,ECF sigma-70 factor--MXAN_3686--test,280,620
478,ECF,MXAN_3959,ECF sigma-70 factor--MXAN_3959--MXAN_3959-mic3-12.02.11,140,280
479,ECF,MXAN_3959,ECF sigma-70 factor--MXAN_3959--MXAN_3959-mic5-12.02.11,150,280
480,ECF,MXAN_3959,ECF sigma-70 factor--MXAN_3959--MXAN_3959-mic8-12.02.11,170,270
481,ECF,MXAN_3959,ECF sigma-70 factor--MXAN_3959--test,150,250
482,ECF,MXAN_4309,ECF sigma-70 factor--MXAN_4309--MXAN_4309-mic3-11.10.11,160,1400
483,ECF,MXAN_4309,ECF sigma-70 factor--MXAN_4309--MXAN_4309-mic6-11.10.11,180,1390
484,ECF,MXAN_4309,ECF sigma-70 factor--MXAN_4309--MXAN_4309-mic8-11.10.11,170,400
485,ECF,MXAN_4309,ECF sigma-70 factor--MXAN_4309--test,150,1370
486,ECF,MXAN_4316,ECF sigma-70 factor--MXAN_4316--MXAN_4316-mic3-11.30.11,260,380
487,ECF,MXAN_4316,ECF sigma-70 factor--MXAN_4316--MXAN_4316-mic6-11.30.11,260,400
488,ECF,MXAN_4316,ECF sigma-70 factor--MXAN_4316--MXAN_4316-mic8-11.30.11,250,390
489,ECF,MXAN_4316,ECF sigma-70 factor--MXAN_4316--test,270,400
490,ECF,MXAN_4733,ECF sigma-70 factor--MXAN_4733--MXAN_4733-mic3-12.01.11,130,960
491,ECF,MXAN_4733,ECF sigma-70 factor--MXAN_4733--MXAN_4733-mic6-12.01.11,140,680
492,ECF,MXAN_4733,ECF sigma-70 factor--MXAN_4733--MXAN_4733-mic8-12.01.11,140,610
493,ECF,MXAN_4733,ECF sigma-70 factor--MXAN_4733--test,120,840
494,ECF,MXAN_4949,ECF sigma-70 factor--MXAN_4949--MXAN_4949-mic2-4.2.13,330,770
495,ECF,MXAN_4949,ECF sigma-70 factor--MXAN_4949--MXAN_4949-mic2-4.30.13,990,1300
496,ECF,MXAN_4949,ECF sigma-70 factor--MXAN_4949--MXAN_4949-mic3-4.2.13,320,840
497,ECF,MXAN_4949,ECF sigma-70 factor--MXAN_4949--MXAN_4949-mic4-4.2.13,430,1440
498,ECF,MXAN_4949,ECF sigma-70 factor--MXAN_4949--MXAN_4949-mic4-4.30.13,460,1390
499,ECF,MXAN_4949,ECF sigma-70 factor--MXAN_4949--MXAN_4949-mic5-4.30.13,320,1290
500,ECF,MXAN_4949,ECF sigma-70 factor--MXAN_4949--MXAN_4949-mic7-4.30.13,370,1200
501,ECF,MXAN_4949,ECF sigma-70 factor--MXAN_4949--test,300,1180
502,ECF,MXAN_4987,ECF sigma-70 factor--MXAN_4987--MXAN_4987-mic2-12.01.11,340,530
503,ECF,MXAN_4987,ECF sigma-70 factor--MXAN_4987--MXAN_4987-mic4-12.01.11,370,570
504,ECF,MXAN_4987,ECF sigma-70 factor--MXAN_4987--MXAN_4987-mic5-12.01.11,330,490
505,ECF,MXAN_4987,ECF sigma-70 factor--MXAN_4987--MXAN_4987-mic7-12.01.11,380,780
506,ECF,MXAN_4987,ECF sigma-70 factor--MXAN_4987--test,150,650
507,ECF,MXAN_5101,ECF sigma-70 factor--MXAN_5101(NOT IN THE LIST OF ECF)--MXAN_5101-mic6-12.19.11,320,510
508,ECF,MXAN_5101,ECF sigma-70 factor--MXAN_5101(NOT IN THE LIST OF ECF)--MXAN_5101-mic7-12.19.11,290,460
509,ECF,MXAN_5101,ECF sigma-70 factor--MXAN_5101(NOT IN THE LIST OF ECF)--MXAN_5101-mic8-12.19.11,400,610
510,ECF,MXAN_5101,ECF sigma-70 factor--MXAN_5101(NOT IN THE LIST OF ECF)--test,300,620
512,ECF,MXAN_5245,ECF sigma-70 factor--MXAN_5245--MXAN_5245-mic2-1.8.17,0,1400
513,ECF,MXAN_5245,ECF sigma-70 factor--MXAN_5245--MXAN_5245-mic3-1.8.17,0,670
514,ECF,MXAN_5245,ECF sigma-70 factor--MXAN_5245--test,0,1290
516,ECF,MXAN_5263,ECF sigma-70 factor--MXAN_5263--MXAN_5263-mic6-11.01.16,0,1350
518,ECF,MXAN_5410,ECF sigma-70 factor--MXAN_5410--MXAN_5410-mic6-11.16.11,270,420
519,ECF,MXAN_5410,ECF sigma-70 factor--MXAN_5410--MXAN_5410-mic8-11.16.11,370,600
520,ECF,MXAN_5410,ECF sigma-70 factor--MXAN_5410--test,290,460
521,ECF,MXAN_5506,ECF sigma-70 factor--MXAN_5506--MXAN_5506-mic4-11.16.11,460,700
522,ECF,MXAN_5506,ECF sigma-70 factor--MXAN_5506--MXAN_5506-mic7-11.16.11,220,370
523,ECF,MXAN_5506,ECF sigma-70 factor--MXAN_5506--test,270,390
527,ECF,MXAN_5731,ECF sigma-70 factor--MXAN_5731--MXAN_5731-mic7-6.8.11,340,560
530,ECF,MXAN_5731,ECF sigma-70 factor--MXAN_5731--test,320,960
531,ECF,MXAN_6058,ECF sigma-70 factor--MXAN_6058--MXAN_6058-mic3-4.2.13,600,1080
532,ECF,MXAN_6058,ECF sigma-70 factor--MXAN_6058--MXAN_6058-mic3-5.9.13,480,990
533,ECF,MXAN_6058,ECF sigma-70 factor--MXAN_6058--MXAN_6058-mic5-4.2.13,450,1150
534,ECF,MXAN_6058,ECF sigma-70 factor--MXAN_6058--MXAN_6058-mic6-5.9.13,270,620
535,ECF,MXAN_6058,ECF sigma-70 factor--MXAN_6058--MXAN_6058-mic7-4.2.13,320,840
536,ECF,MXAN_6058,ECF sigma-70 factor--MXAN_6058--MXAN_6058-mic8-5.9.13,310,960
537,ECF,MXAN_6058,ECF sigma-70 factor--MXAN_6058--test,380,830
538,ECF,MXAN_6461,ECF sigma-70 factor--MXAN_6461--MXAN_6461-mic4-11.30.11,330,360
539,ECF,MXAN_6461,ECF sigma-70 factor--MXAN_6461--MXAN_6461-mic5-11.30.11,300,330
540,ECF,MXAN_6461,ECF sigma-70 factor--MXAN_6461--MXAN_6461-mic7-11.30.11,320,360
541,ECF,MXAN_6461,ECF sigma-70 factor--MXAN_6461--test,330,350
542,ECF,MXAN_6759,ECF sigma-70 factor--MXAN_6759--MXAN_6759-mic6-11.22.13,240,1210
543,ECF,MXAN_6759,ECF sigma-70 factor--MXAN_6759--MXAN_6759-mic8-11.22.13,260,1440
544,ECF,MXAN_6759,ECF sigma-70 factor--MXAN_6759--test,260,1010
545,ECF,MXAN_7214,ECF sigma-70 factor--MXAN_7214--MXAN_7214-mic4-11.21.11,270,410
546,ECF,MXAN_7214,ECF sigma-70 factor--MXAN_7214--MXAN_7214-mic5-11.21.11,280,390
547,ECF,MXAN_7214,ECF sigma-70 factor--MXAN_7214--MXAN_7214-mic7-11.21.11,240,360
548,ECF,MXAN_7214,ECF sigma-70 factor--MXAN_7214--test,300,450
549,ECF,MXAN_7289,ECF sigma-70 factor--MXAN_7289--MXAN_7289-mic4-11.18.11,490,690
550,ECF,MXAN_7289,ECF sigma-70 factor--MXAN_7289--MXAN_7289-mic5-11.18.11,520,700
551,ECF,MXAN_7289,ECF sigma-70 factor--MXAN_7289--MXAN_7289-mic7-11.18.11,540,1330
552,ECF,MXAN_7289,ECF sigma-70 factor--MXAN_7289--test,310,1240
553,ECF,MXAN_7326,ECF sigma-70 factor--MXAN_7326--MXAN_7326-mic4-12.20.11,660,1040
554,ECF,MXAN_7326,ECF sigma-70 factor--MXAN_7326--MXAN_7326-mic5-12.20.11,430,1080
555,ECF,MXAN_7326,ECF sigma-70 factor--MXAN_7326--test,490,1110
556,ECF,MXAN_7454,ECF sigma-70 factor--MXAN_7454--MXAN_7454-mic4-11.29.11,290,430
986,1CN,MXAN_0556,One Component_New--MXAN_0556--MXAN_0556-mic3-12.06.11,350,500
987,1CN,MXAN_0556,One Component_New--MXAN_0556--MXAN_0556-mic3-3.6.17,1050,1440
988,1CN,MXAN_0556,One Component_New--MXAN_0556--MXAN_0556-mic6-12.06.11,370,770
989,1CN,MXAN_0556,One Component_New--MXAN_0556--MXAN_0556-mic8-12.06.11,400,540
990,1CN,MXAN_0556,One Component_New--MXAN_0556--test,370,500
991,1CN,MXAN_0627,One Component_New--MXAN_0627--MXAN_0627-mic4-12.06.11,330,460
992,1CN,MXAN_0627,One Component_New--MXAN_0627--MXAN_0627-mic5-12.06.11,370,450
993,1CN,MXAN_0627,One Component_New--MXAN_0627--MXAN_0627-mic7-12.06.11,340,490
994,1CN,MXAN_0627,One Component_New--MXAN_0627--test,350,530
995,1CN,MXAN_0631,One Component_New--MXAN_0631--test,910,1400
996,1CN,MXAN_0654,One Component_New--MXAN_0654--MXAN_0654-mic2-3.24.17,900,1090
997,1CN,MXAN_0654,One Component_New--MXAN_0654--MXAN_0654-mic3-3.24.17,1310,1440
998,1CN,MXAN_0654,One Component_New--MXAN_0654--test,450,1000
999,1CN,MXAN_0665,One Component_New--MXAN_0665--1pTPM_MXAN_0665_mic1_3.30.11,0,640
1000,1CN,MXAN_0665,One Component_New--MXAN_0665--1pTPM_MXAN_0665_mic4_3.30.11,0,400
1001,1CN,MXAN_0665,One Component_New--MXAN_0665--1pTPM_MXAN_0665_mic6_3.30.11,0,570
1002,1CN,MXAN_0665,One Component_New--MXAN_0665--1pTPM_MXAN_0665_mic7_3.30.11,0,1440
1003,1CN,MXAN_0665,One Component_New--MXAN_0665--1pTPM_MXAN_0665_mic8_3.30.11,0,620
1004,1CN,MXAN_0665,One Component_New--MXAN_0665--MXAN_0665-mic2-3.22.17,0,810
1005,1CN,MXAN_0665,One Component_New--MXAN_0665--MXAN_0665-mic3-3.22.17,0,1090
1006,1CN,MXAN_0665,One Component_New--MXAN_0665--test,700,920
1008,1CN,MXAN_0707,One Component_New--MXAN_0707--MXAN_0707-mic2-12.15.11,330,450
1009,1CN,MXAN_0707,One Component_New--MXAN_0707--MXAN_0707-mic3-10.11.13,670,1080
1010,1CN,MXAN_0707,One Component_New--MXAN_0707--MXAN_0707-mic4-12.15.11,320,430
1011,1CN,MXAN_0707,One Component_New--MXAN_0707--MXAN_0707-mic5-12.15.11,290,380
1012,1CN,MXAN_0707,One Component_New--MXAN_0707--MXAN_0707-mic6-10.11.13,670,1390
1013,1CN,MXAN_0707,One Component_New--MXAN_0707--MXAN_0707-mic7-12.15.11,310,410
1014,1CN,MXAN_0707,One Component_New--MXAN_0707--MXAN_0707-mic8-10.11.13,0,520
1015,1CN,MXAN_0707,One Component_New--MXAN_0707--test,710,1420
1016,1CN,MXAN_0784,One Component_New--MXAN_0784--MXAN_0784-mic2-12.16.11,410,620
1017,1CN,MXAN_0784,One Component_New--MXAN_0784--MXAN_0784-mic2-3.21.17,0,1440
1018,1CN,MXAN_0784,One Component_New--MXAN_0784--MXAN_0784-mic3-3.21.17,730,880
1019,1CN,MXAN_0784,One Component_New--MXAN_0784--MXAN_0784-mic4-12.16.11,380,550
1020,1CN,MXAN_0784,One Component_New--MXAN_0784--MXAN_0784-mic5-12.16.11,390,530
1021,1CN,MXAN_0784,One Component_New--MXAN_0784--MXAN_0784-mic7-12.16.11,460,620
1022,1CN,MXAN_0784,One Component_New--MXAN_0784--test,450,720
1023,1CN,MXAN_0832,One Component_New--MXAN_0832--MXAN_0832-mic2-10.11.13,680,1420
1024,1CN,MXAN_0832,One Component_New--MXAN_0832--MXAN_0832-mic4-10.11.13,630,1000
1025,1CN,MXAN_0832,One Component_New--MXAN_0832--MXAN_0832-mic5-10.11.13,480,1410
1026,1CN,MXAN_0832,One Component_New--MXAN_0832--MXAN_0832-mic7-01.15.14,1150,1440
1027,1CN,MXAN_0832,One Component_New--MXAN_0832--MXAN_0832-mic7-10.11.13,630,1440
1028,1CN,MXAN_0832,One Component_New--MXAN_0832--MXAN_0832-mic8-01.15.14,1020,1440
1029,1CN,MXAN_0832,One Component_New--MXAN_0832--test,1250,1440
1030,1CN,MXAN_0887,One Component_New--MXAN_0887--MXAN_0887-mic3-11.07.13,500,1260
1031,1CN,MXAN_0887,One Component_New--MXAN_0887--MXAN_0887-mic6-11.07.13,440,1150
1032,1CN,MXAN_0887,One Component_New--MXAN_0887--MXAN_0887-mic8-11.07.13,600,1440
1033,1CN,MXAN_0887,One Component_New--MXAN_0887--test,710,1440
1035,1CN,MXAN_0943,One Component_New--MXAN_0943--1TPM-MXAN_0943-mic5-6.8.11,300,420
1036,1CN,MXAN_0943,One Component_New--MXAN_0943--MXAN_0943-mic3-10.31.13,500,1440
1037,1CN,MXAN_0943,One Component_New--MXAN_0943--MXAN_0943-mic6-10.31.13,940,1440
1038,1CN,MXAN_0943,One Component_New--MXAN_0943--MXAN_0943-mic8-10.31.13,610,1430
1039,1CN,MXAN_0943,One Component_New--MXAN_0943--test,1030,1440
1040,1CN,MXAN_1137,One Component_New--MXAN_1137--1pTPM_MXAN_1137_mic1_03.29.11,410,620
1041,1CN,MXAN_1137,One Component_New--MXAN_1137--1pTPM_MXAN_1137_mic4_03.29.11,510,1010
1043,1CN,MXAN_1137,One Component_New--MXAN_1137--1pTPM_MXAN_1137_mic7_03.29.11,500,900
1044,1CN,MXAN_1137,One Component_New--MXAN_1137--1pTPM_MXAN_1137_mic8_03.29.11,400,580
1045,1CN,MXAN_1137,One Component_New--MXAN_1137--MXAN_1137-mic4-10.8.13,690,1440
1046,1CN,MXAN_1137,One Component_New--MXAN_1137--MXAN_1137-mic5-10.8.13(1.5),400,1440
1047,1CN,MXAN_1137,One Component_New--MXAN_1137--MXAN_1137-mic7-10.8.13,770,1420
1048,1CN,MXAN_1137,One Component_New--MXAN_1137--test,0,1110
1050,1CN,MXAN_1402,One Component_New--MXAN_1402--1.5TPM-MXAN_1402-mic5-6.7.11,350,510
1051,1CN,MXAN_1402,One Component_New--MXAN_1402--1TPM-MXAN_1402-mic7-6.7.11,550,1300
1052,1CN,MXAN_1402,One Component_New--MXAN_1402--MXAN_1402-mic3-1.26.12,350,520
1053,1CN,MXAN_1402,One Component_New--MXAN_1402--MXAN_1402-mic3-11.06.13,310,1320
1054,1CN,MXAN_1402,One Component_New--MXAN_1402--MXAN_1402-mic5-6.10.11+,600,1440
1055,1CN,MXAN_1402,One Component_New--MXAN_1402--MXAN_1402-mic6-11.06.13,370,1150
1057,1CN,MXAN_1402,One Component_New--MXAN_1402--MXAN_1402-mic7-1.26.12,350,500
1058,1CN,MXAN_1402,One Component_New--MXAN_1402--MXAN_1402-mic7-6.10.11,670,1440
1060,1CN,MXAN_1402,One Component_New--MXAN_1402--MXAN_1402-mic8-11.06.13,0,380
1061,1CN,MXAN_1402,One Component_New--MXAN_1402--test,400,1310
1063,1CN,MXAN_1575,One Component_New--MXAN_1575--1.5TPM-MXAN_1575-mic6-6.7.11+,320,560
1064,1CN,MXAN_1575,One Component_New--MXAN_1575--1TPM-MXAN_1575-mic1-6.7.11,500,1390
1065,1CN,MXAN_1575,One Component_New--MXAN_1575--1TPM-MXAN_1575-mic8-6.7.11+,390,600
1066,1CN,MXAN_1575,One Component_New--MXAN_1575--MXAN_1575-mic2-10.31.13,460,1050
1067,1CN,MXAN_1575,One Component_New--MXAN_1575--MXAN_1575-mic5-10.31.13,460,1440
1068,1CN,MXAN_1575,One Component_New--MXAN_1575--MXAN_1575-mic7-10.31.13(1.5agarose),440,1300
1069,1CN,MXAN_1575,One Component_New--MXAN_1575--MXAN_1575-mic8-01.14.14,650,1440
1070,1CN,MXAN_1575,One Component_New--MXAN_1575--test,870,1440
1071,1CN,MXAN_1654,One Component_New--MXAN_1654--MXAN_1654-mic1-12.15.11,310,390
1072,1CN,MXAN_1654,One Component_New--MXAN_1654--MXAN_1654-mic2-3.25.17,490,920
1073,1CN,MXAN_1654,One Component_New--MXAN_1654--MXAN_1654-mic3-12.15.11,270,380
1074,1CN,MXAN_1654,One Component_New--MXAN_1654--MXAN_1654-mic3-3.25.17,800,1340
1075,1CN,MXAN_1654,One Component_New--MXAN_1654--MXAN_1654-mic6-12.15.11,440,710
1076,1CN,MXAN_1654,One Component_New--MXAN_1654--MXAN_1654-mic8-12.15.11,590,890
1077,1CN,MXAN_1654,One Component_New--MXAN_1654--test,460,940
1078,1CN,MXAN_1667,One Component_New--MXAN_1667--MXAN_1667-mic1-4.8.17,570,1060
1079,1CN,MXAN_1667,One Component_New--MXAN_1667--MXAN_1667-mic2-3.28.17,570,1120
1080,1CN,MXAN_1667,One Component_New--MXAN_1667--MXAN_1667-mic2-4.8.17,650,1100
1081,1CN,MXAN_1667,One Component_New--MXAN_1667--MXAN_1667-mic3-3.28.17,890,1100
1082,1CN,MXAN_1667,One Component_New--MXAN_1667--MXAN_1667-mic3-4.8.17,1000,1250
1083,1CN,MXAN_1667,One Component_New--MXAN_1667--test,500,1100
1084,1CN,MXAN_1683,One Component_New--MXAN_1683--MXAN_1683-mic2-02.21.17,410,660
1085,1CN,MXAN_1683,One Component_New--MXAN_1683--MXAN_1683-mic3-02.21.17,730,1440
1086,1CN,MXAN_1683,One Component_New--MXAN_1683--test,460,670
1088,1CN,MXAN_1711,One Component_New--MXAN_1711--MXAN_1711-mic4-11.11.13,0,660
1089,1CN,MXAN_1711,One Component_New--MXAN_1711--MXAN_1711-mic5-11.11.13,0,680
1090,1CN,MXAN_1711,One Component_New--MXAN_1711--MXAN_1711-mic7-11.11.13,0,1440
1091,1CN,MXAN_1711,One Component_New--MXAN_1711--test,0,850
1092,1CN,MXAN_1719,One Component_New--MXAN_1719--MXAN_1719-mic2-3.9.17,740,1190
1093,1CN,MXAN_1719,One Component_New--MXAN_1719--test,470,780
1095,1CN,MXAN_1726,One Component_New--MXAN_1726--MXAN_1726-mic3-3.27.17,220,1140
1096,1CN,MXAN_1726,One Component_New--MXAN_1726--MXAN_1726-mic3-5.14.13,360,880
1097,1CN,MXAN_1726,One Component_New--MXAN_1726--MXAN_1726-mic6-5.14.13,330,750
1098,1CN,MXAN_1726,One Component_New--MXAN_1726--MXAN_1726-mic8-5.14.13,330,910
1099,1CN,MXAN_1726,One Component_New--MXAN_1726--test,440,820
1100,1CN,MXAN_1746,One Component_New--MXAN_1746--MXAN_1746-mic1-10.8.13(1.5),600,1420
1101,1CN,MXAN_1746,One Component_New--MXAN_1746--MXAN_1746-mic3-10.8.13,630,1380
1102,1CN,MXAN_1746,One Component_New--MXAN_1746--MXAN_1746-mic3-4.30.13,390,1260
1103,1CN,MXAN_1746,One Component_New--MXAN_1746--MXAN_1746-mic6-10.8.13,570,1320
1104,1CN,MXAN_1746,One Component_New--MXAN_1746--MXAN_1746-mic8-10.8.13,580,1440
1105,1CN,MXAN_1746,One Component_New--MXAN_1746--MXAN_1746-mic8-4.30.13,370,510
1106,1CN,MXAN_1746,One Component_New--MXAN_1746--test,350,590
1107,1CN,MXAN_1757,One Component_New--MXAN_1757--MXAN_1757-mic2-5.16.13,410,730
1108,1CN,MXAN_1757,One Component_New--MXAN_1757--MXAN_1757-mic3-11.21.13,500,1410
1109,1CN,MXAN_1757,One Component_New--MXAN_1757--MXAN_1757-mic4-5.16.13,480,780
1110,1CN,MXAN_1757,One Component_New--MXAN_1757--MXAN_1757-mic5-5.16.13,410,520
1111,1CN,MXAN_1757,One Component_New--MXAN_1757--MXAN_1757-mic6-11.21.13,580,1410
1112,1CN,MXAN_1757,One Component_New--MXAN_1757--MXAN_1757-mic7-5.16.13,500,730
1113,1CN,MXAN_1757,One Component_New--MXAN_1757--MXAN_1757-mic8-11.21.13,560,1440
1114,1CN,MXAN_1757,One Component_New--MXAN_1757--test,410,1130
1115,1CN,MXAN_2128,One Component_New--MXAN_2128--MXAN_2128-mic3-11.11.13,590,1390
1116,1CN,MXAN_2128,One Component_New--MXAN_2128--MXAN_2128-mic6-11.11.13,640,1420
1117,1CN,MXAN_2128,One Component_New--MXAN_2128--MXAN_2128-mic8-11.11.13,570,1410
1118,1CN,MXAN_2128,One Component_New--MXAN_2128--test,880,1440
1119,1CN,MXAN_2145,One Component_New--MXAN_2145--MXAN_2145-mic3-11.12.13,0,1410
1120,1CN,MXAN_2145,One Component_New--MXAN_2145--MXAN_2145-mic6-11.12.13,620,1440
1121,1CN,MXAN_2145,One Component_New--MXAN_2145--MXAN_2145-mic8-11.12.13,550,1340
1122,1CN,MXAN_2145,One Component_New--MXAN_2145--test,620,1340
1123,1CN,MXAN_2213,One Component_New--MXAN_2213--test,620,860
1125,1CN,MXAN_2230,One Component_New--MXAN_2230--MXAN_2230-mic3-11.13.13,760,1440
1126,1CN,MXAN_2230,One Component_New--MXAN_2230--MXAN_2230-mic6-11.13.13,740,1210
1127,1CN,MXAN_2230,One Component_New--MXAN_2230--MXAN_2230-mic8-11.13.13,830,1090
1128,1CN,MXAN_2230,One Component_New--MXAN_2230--test,870,1440
